,Region,Major RGI region,Mountain range region,Country,Glacier,RGI glacier ID,RGI glacier Area,Lake name,Lake type,Longitude,Latitude,River,Date,Min. date,Max. date,Outburst mechanism,Mean lake volume,Min. lake volume,Max. lake volume,Lake volume determination method,Mean flood volume,Min. flood volume,Max. flood volume,Flood volume determination method,Peak discharge,Min. peak discharge,Max. peak discharge,Peak discharge determination method,Impact and destruction,Reported impacts (categorized),Occurrence of economic losses,Damage to buildings,Damage to bridges,Damage to roads or paths,Damage to railroads,Damage to utilities,Damage to flood protection measures,Damage to the environment,Resettlement,Reported fatalities,Further comments,Year of First Reference Found,References,Reference comments,Lake area before,Perimeter before,Image date before,Satellite before,Scenename before,Certainty level before,Lake area after,Image date after,Perimeter after,Satellite after,Scenename after,Certainty level after,Lake area comments
1,High Mountain Asia,"Asia, South West",Karakoram,Pakistan,,,,Khalti Lake,,73.363798,36.249433,Gilgit,1999-08-06,,,,,,,,,,,,,,,,,,,,,,,,,,,,,2014,"Din, K., Tariq, S., Mahmood, A., & Rasul, G. (2014). Temperature and precipitation: GLOF triggering indicators in Gilgit-Baltistan, Pakistan. Pakistan Journal of Meteorology, 10(20).; Hussain A., Nasab N., Bano D., Karim D., Anwar W., Hussain K., Uddin N. (2021) Glacier lake outburst flood modeling of Khurdopin glacier lake using HEC-RAS and GIS. In: Chernomorets S.S., Viskhadzhieva K.S. (eds.) Debris Flows: Disasters, Risk, Forecast, Protection. Proceedings of the 6th International Conference (Dushanbe–Khorog, Tajikistan). Volume 1. Dushanbe: “Promotion” LLC, p. 208–220.",,,,,,,,,,,,,,
2,High Mountain Asia,"Asia, South West",Karakoram,Pakistan,Khurdopin,RGI60-14.04404,203.336,,ice,75.478606,36.342335,Shimshal,2000,2000,2001-09-30,,,,,,,,,,,,,,,,,,,,,,,,,,,2019,"Bhambri, R., Hewitt, K., Kawishwar, P., Kumar, A., Verma, A., Tiwari, S., & Misra, A. (2019). Ice-dams, outburst floods, and movement heterogeneity of glaciers, Karakoram. Global and Planetary Change, 180, 100-116.",,373048.0,4267.0,2001-04-07,Landsat 7,LE07_149035_20010407,2.0,9292,373.0,2001-06-10,Landsat 7,LE07_149035_20010610,2.0,
3,High Mountain Asia,"Asia, South West",Karakoram,Pakistan,Khurdopin,RGI60-14.04404,203.336,,ice,75.478606,36.342335,Shimshal,2000,2000-05-14,2000-08-26,,,,,,,,,,,,,,,,,,,,,,,,,,Lake developed between 16-08-1999 and 06-05-2000 and increased its area till 14-05-2000,2019,"Bhambri, R., Hewitt, K., Kawishwar, P., Kumar, A., Verma, A., Tiwari, S., & Misra, A. (2019). Ice-dams, outburst floods, and movement heterogeneity of glaciers, Karakoram. Global and Planetary Change, 180, 100-116.",,1229772.0,6221.0,2000-05-14,Landsat 5,LT05_149035_20000514,2.0,311520,7020.0,2000-08-26,Landsat 7,LE07_149035_20000826,2.0,
4,High Mountain Asia,"Asia, South West",Karakoram,Pakistan,Khurdopin,RGI60-14.04404,203.336,,ice,75.478606,36.342335,Shimshal,2000,,,,,,,,,,,,,,,,"Minor, local damages",u,,,,,,,,,,,,2009,"Hewitt, K., & Liu, J. (2009). Ice dams, outburst floods, glacier expansion and surges, Karakoram Himalaya. Abstract, 7th Tibetan Plateau International Symposium, Beijing, China, August. CITED IN Hewitt, K., & Liu, J. (2010). Ice-dammed lakes and outburst floods, Karakoram Himalaya: historical perspectives on emerging threats. Physical geography, 31(6), 528-551.; Bhambri, R., Hewitt, K., Kawishwar, P., Kumar, A., Verma, A., Tiwari, S., & Misra, A. (2019). Ice-dams, outburst floods, and movement heterogeneity of glaciers, Karakoram. Global and Planetary Change, 180, 100-116.",,,,,,,,,,,,,,
5,High Mountain Asia,"Asia, South West",Karakoram,Pakistan,North Therong,RGI60-14.07756,117.049,,ice,77.33,35.31,Nubra,2000-04-21,,,,,,27.3,estimated using optical images and a DEM,,,27.3,estimated using optical images and a DEM,,,,,,,,,,,,,,,,,minor flood; complete drainage,2021,"Bazai, N. A., Cui, P., Carling, P. A., Wang, H., Hassan, J., Liu, D., ... & Wen, J. (2021). Increasing glacial lake outburst flood hazard in response to surge glaciers in the Karakoram. Earth-Science Reviews, 103432.",,406000.0,,2000-04-21,,,2.0,0,,2000-08-27,,,2.0,lake area data from Bazai et al. (2021)
6,High Mountain Asia,"Asia, South West",Karakoram,Pakistan,Chhatteboi,RGI60-14.01226,35.674,,ice,73.92,36.84,Karambar,2000-05-21,,,,,,37.11,estimated using optical images and a DEM,,,37.11,estimated using optical images and a DEM,,,,,,,,,,,,,,,,,Major flood; lake drained completely,2021,"Bazai, N. A., Cui, P., Carling, P. A., Wang, H., Hassan, J., Liu, D., ... & Wen, J. (2021). Increasing glacial lake outburst flood hazard in response to surge glaciers in the Karakoram. Earth-Science Reviews, 103432.",,270000.0,,2000-05-21,,,2.0,0,,2000-07-28,,,2.0,lake area data from Bazai et al. (2021)
7,High Mountain Asia,"Asia, South West",Karakoram,Pakistan,Khurdopin,RGI60-14.04404,203.336,,ice,75.478606,36.342335,Shimshal,2000-06-11,,,,,,186.0,estimated using optical images and a DEM,,,,,,,,,Erosion of agricultural land; bridges destroyed; local damage in Shimshal and Pasu village,u,x,,x,,,,,,,,major flood; largest flood scince 1970,2000,"Iturrizaga, L. (2001). Lateroglacial valleys and landforms in the Karakoram Mountains (Pakistan). GeoJournal, 54(2-4), 397-428. & Mock, J. (2000). Mock and O’Neil Oprang Expedition Report. CITED IN Iturrizaga, L. (2005). New observations on present and prehistorical glacier-dammed lakes in the Shimshal valley (Karakoram Mountains). Journal of Asian Earth Sciences, 25(4), 545-555.; Hewitt, K., & Liu, J. (2010). Ice-dammed lakes and outburst floods, Karakoram Himalaya: historical perspectives on emerging threats. Physical geography, 31(6), 528-55. CITED IN Bazai, N. A., Cui, P., Carling, P. A., Wang, H., Hassan, J., Liu, D., ... & Wen, J. (2021). Increasing glacial lake outburst flood hazard in response to surge glaciers in the Karakoram. Earth-Science Reviews, 103432.; Bazai, N. A., Cui, P., Carling, P. A., Wang, H., Hassan, J., Liu, D., ... & Wen, J. (2021). Increasing glacial lake outburst flood hazard in response to surge glaciers in the Karakoram. Earth-Science Reviews, 103432. (local source)",,1870000.0,,2000-05-30,,,2.0,0,,2000-07-27,,,2.0,lake area data from Bazai et al. (2021)
9,High Mountain Asia,"Asia, South West",Karakoram,Pakistan,Khurdopin,RGI60-14.04404,203.336,,ice,75.478606,36.342335,Shimshal,2001-05,,,,,,10.0,estimated using optical images and a DEM,,,,,,,,,,,,,,,,,,,,,,2021,"Bazai, N. A., Cui, P., Carling, P. A., Wang, H., Hassan, J., Liu, D., ... & Wen, J. (2021). Increasing glacial lake outburst flood hazard in response to surge glaciers in the Karakoram. Earth-Science Reviews, 103432.",,295000.0,,2001-04-07,,,2.0,0,,2001-06-26,,,2.0,lake area data from Bazai et al. (2021)
14,High Mountain Asia,"Asia, South West",Karakoram,Pakistan,Hassanabad,RGI60-14.05446,45.712,,ice,74.57,36.35,Hunza,2002,,,,,,,,,,,,,,,,no damage,,,,,,,,,,,,small lake; developed at the end of spring,2021,"Bazai, N. A., Cui, P., Carling, P. A., Wang, H., Hassan, J., Liu, D., ... & Wen, J. (2021). Increasing glacial lake outburst flood hazard in response to surge glaciers in the Karakoram. Earth-Science Reviews, 103432.",,,,,,,,,,,,,,
16,High Mountain Asia,"Asia, South West",Karakoram,Pakistan,North Therong,RGI60-14.07756,117.049,,ice,77.33,35.31,Nubra,2002-06-06,,,breach,,,31.27,estimated using optical images and a DEM,,,31.27,estimated using optical images and a DEM,,,,,,,,,,,,,,,,,large flood; complete drainage,2021,"Bazai, N. A., Cui, P., Carling, P. A., Wang, H., Hassan, J., Liu, D., ... & Wen, J. (2021). Increasing glacial lake outburst flood hazard in response to surge glaciers in the Karakoram. Earth-Science Reviews, 103432.",,603000.0,,2002-06-06,,,2.0,0,,2002-08-02,,,2.0,lake area data from Bazai et al. (2021)
18,High Mountain Asia,"Asia, South West",Karakoram,Pakistan,Khurdopin,RGI60-14.04404,203.336,,ice,75.478606,36.342335,Shimshal,2002-07-15,,,,,,19.0,estimated using optical images and a DEM,,,,,,,,,,,,,,,,,,,,,,2021,"Bazai, N. A., Cui, P., Carling, P. A., Wang, H., Hassan, J., Liu, D., ... & Wen, J. (2021). Increasing glacial lake outburst flood hazard in response to surge glaciers in the Karakoram. Earth-Science Reviews, 103432.",,281511.0,3607.0,2002-04-10,Landsat 7,LE07_149035_20020410,2.0,214938,2542.0,2002-08-16,Landsat 7,LE07_149035_20020816,2.0,
22,High Mountain Asia,"Asia, South West",Karakoram,Pakistan,Khurdopin,RGI60-14.04404,203.336,,ice,75.478606,36.342335,Shimshal,,,2002-08-16,,,,,,,,,,,,,,,,,,,,,,,,,,,2019,"Bhambri, R., Hewitt, K., Kawishwar, P., Kumar, A., Verma, A., Tiwari, S., & Misra, A. (2019). Ice-dams, outburst floods, and movement heterogeneity of glaciers, Karakoram. Global and Planetary Change, 180, 100-116.",,,,,,,,,,,,,,
23,High Mountain Asia,"Asia, South West",Karakoram,Pakistan,RGI60-14.02458,RGI60-14.02458,7.286,,moraine,73.896146,36.612892,,,2002-08-23,2004-08-12,,2.03,,,estimated – derived from digitised lake areas with empirical lake area to volume relationship,1.99,,,estimated – derived from digitised lake areas with empirical lake area to volume relationship,,,,,,,,,,,,,,,,,,2019,"Veh, G., Korup, O., von Specht, S., Roessner, S., & Walz, A. (2019). Unchanged frequency of moraine-dammed glacial lake outburst floods in the Himalaya. Nature Climate Change, 9(5), 379-383.",,135000.0,,2002-08-23,Landsat 5,,2.0,8125,,2004-08-12,Landsat 5,,2.0,Veh et al. (2019)
26,High Mountain Asia,"Asia, South West",,Pakistan,unknown,,,,unknown,,,,2003,,,,,,,,,,,,,,,,,,,,,,,,,,,,Location: Yarkhun Lasht,2015,"Rehman, G. (2015). GLOF Risk and Reduction Approaches in Pakistan. In Disaster Risk Reduction Approaches in Pakistan (pp. 217-237). Springer, Tokyo.",,,,,,,,,,,,,,
28,High Mountain Asia,"Asia, South West",Karakoram,Pakistan,Khurdopin,RGI60-14.04404,203.336,,ice,75.478606,36.342335,Shimshal,2003-05-31,,2003-05-31,,,,,,,,,,,,,,,,,,,,,,,,,,,2019,"Bhambri, R., Hewitt, K., Kawishwar, P., Kumar, A., Verma, A., Tiwari, S., & Misra, A. (2019). Ice-dams, outburst floods, and movement heterogeneity of glaciers, Karakoram. Global and Planetary Change, 180, 100-116.",,69846.0,1314.0,2003-05-15,Landsat 7,LE07_149035_20030515,2.0,56723,964.0,2003-09-20,Landsat 7,LE07_149035_20030920,2.0,
30,High Mountain Asia,"Asia, South West",Karakoram,Pakistan,Chhatteboi,RGI60-14.01226,35.674,,ice,73.92,36.84,,2004,,,,,,,,,,,,,,,,,,,,,,,,,,,,Very small lake,2005,"Iturrizaga, L. (2005). The historical Saklei Shuyinj and Chateboi Glacier Dams as triggers for lake outburst cascades in the Karambar Valley, Hindukush. Island Arc, 14(4), 389-399.; Bhambri, R., Hewitt, K., Kawishwar, P., Kumar, A., Verma, A., Tiwari, S., & Misra, A. (2019). Ice-dams, outburst floods, and movement heterogeneity of glaciers, Karakoram. Global and Planetary Change, 180, 100-116.",,12776.0,456.0,2004-05-24,Landsat 7,LE07_150034_20040524,1.0,1607,173.0,2004-07-11,Landsat 7,LE07_150034_20040711,1.0,
34,High Mountain Asia,"Asia, South West",,Pakistan,unknown,,,,unknown,,,,2005,,,,,,,,,,,,,,,,,,,,,,,,,,,,Location: Brep,2015,"Rehman, G. (2015). GLOF Risk and Reduction Approaches in Pakistan. In Disaster Risk Reduction Approaches in Pakistan (pp. 217-237). Springer, Tokyo.",,,,,,,,,,,,,,
45,High Mountain Asia,"Asia, South West",,Pakistan,unknown,,,,unknown,,,,2007,,,,,,,,,,,,,,,,,,,,,,,,,,,,Location: Sonoghor Valley,2015,"Rehman, G. (2015). GLOF Risk and Reduction Approaches in Pakistan. In Disaster Risk Reduction Approaches in Pakistan (pp. 217-237). Springer, Tokyo.",,,,,,,,,,,,,,
46,High Mountain Asia,"Asia, South West",Karakoram,Pakistan,Ghulkin,RGI60-14.03250,"30,544",Ghulkin Lake,supraglacial,74.8062,36.4285,Hunza,2007-04-05,,,,,,,,,,,,,,,,,,,,,,,,,,,,,2014,"Din, K., Tariq, S., Mahmood, A., & Rasul, G. (2014). Temperature and precipitation: GLOF triggering indicators in Gilgit-Baltistan, Pakistan. Pakistan Journal of Meteorology, 10(20).; Hussain A., Nasab N., Bano D., Karim D., Anwar W., Hussain K., Uddin N. (2021) Glacier lake outburst flood modeling of Khurdopin glacier lake using HEC-RAS and GIS. In: Chernomorets S.S., Viskhadzhieva K.S. (eds.) Debris Flows: Disasters, Risk, Forecast, Protection. Proceedings of the 6th International Conference (Dushanbe–Khorog, Tajikistan). Volume 1. Dushanbe: “Promotion” LLC, p. 208–220.",,,,,,,,,,,,,,
49,High Mountain Asia,"Asia, South West",Karakoram,Pakistan,Passu,RGI60-14.03123,"62,194",Passu Lake,,74.879298,36.457205,Hunza,2008-01-06,,,,,,,,,,,,,,,,,,,,,,,,,,,,,2014,"FOCUS (2008). Preliminary Assessment Report on Aerial Reconnaissance Survey of Ghulkin Glacier Lake Outburst. CITED IN Din, K., Tariq, S., Mahmood, A., & Rasul, G. (2014). Temperature and precipitation: GLOF triggering indicators in Gilgit-Baltistan, Pakistan. Pakistan Journal of Meteorology, 10(20).; Hussain A., Nasab N., Bano D., Karim D., Anwar W., Hussain K., Uddin N. (2021) Glacier lake outburst flood modeling of Khurdopin glacier lake using HEC-RAS and GIS. In: Chernomorets S.S., Viskhadzhieva K.S. (eds.) Debris Flows: Disasters, Risk, Forecast, Protection. Proceedings of the 6th International Conference (Dushanbe–Khorog, Tajikistan). Volume 1. Dushanbe: “Promotion” LLC, p. 208–220.",,,,,,,,,,,,,,
51,High Mountain Asia,"Asia, South West",Karakoram,Pakistan,Ghulkin,RGI60-14.03250,"30,544",Ghulkin Lake,supraglacial,74.8062,36.4285,Hunza,2008-04-06,,,breach,,,,,,,,,,,,,"outbursts between april and june 2008 caused loss of livestock, orchards, arable crops, 4 houses, 6 cattle sheds + damaged Karakoram Highway & irrigation channels",x,x,4,,x,,,,,,,moraine breach,2009,"Richardson, S. D., & Quincey, D. J. (2009, April). Glacier outburst floods from Ghulkin Glacier, upper Hunza Valley, Pakistan, EGU General Assembly Conference Abstract & Poster; Ashraf, A., Roohi, R., & Naz, R. (2011). Identification of glacial flood hazards in Karakorum range using remote sensing technique and risk analysis. Science Vision, 16, 71-80.; Zheng, G., Allen, S. K., Bao, A., Ballesteros-Cánovas, J. A., Huss, M., Zhang, G., ... & Stoffel, M. (2021). Increasing risk of glacial lake outburst floods from future Third Pole deglaciation. Nature Climate Change, 1-7.",,,,,,,,,,,,,,
52,High Mountain Asia,"Asia, South West",Karakoram,Pakistan,Ghulkin,RGI60-14.03250,"30,544",Ghulkin Lake,supraglacial,74.8062,36.4285,Hunza,2008-05-21,,,breach,,,,,,,,,,,,,"outbursts between april and june 2008 caused loss of livestock, orchards, arable crops, 4 houses, 6 cattle sheds + damaged Karakoram Highway & irrigation channels",x,x,4,,x,,,,,,,moraine breach,2009,"Richardson, S. D., & Quincey, D. J. (2009, April). Glacier outburst floods from Ghulkin Glacier, upper Hunza Valley, Pakistan, EGU General Assembly Conference Abstract & Poster; Ashraf, A., Roohi, R., & Naz, R. (2011). Identification of glacial flood hazards in Karakorum range using remote sensing technique and risk analysis. Science Vision, 16, 71-80.; Zheng, G., Allen, S. K., Bao, A., Ballesteros-Cánovas, J. A., Huss, M., Zhang, G., ... & Stoffel, M. (2021). Increasing risk of glacial lake outburst floods from future Third Pole deglaciation. Nature Climate Change, 1-7.",,,,,,,,,,,,,,
53,High Mountain Asia,"Asia, South West",Karakoram,Pakistan,Ghulkin,RGI60-14.03250,"30,544",Ghulkin Lake,supraglacial,74.8062,36.4285,Hunza,2008-05-25,,,breach,,,,,1.0,,,estimated – 1-D modelling,50.0,,,estimated – 1-D modelling,"outbursts between april and june 2008 caused loss of livestock, orchards, arable crops, 4 houses, 6 cattle sheds + damaged Karakoram Highway & irrigation channels",x,x,4,,x,,,,,,,moraine breach,2008,"DAWN Newspaper. (2008). Glacier burst floods vast area in Hunza.; Richardson, S. D., & Quincey, D. J. (2009, April). Glacier outburst floods from Ghulkin Glacier, upper Hunza Valley, Pakistan, EGU General Assembly Conference Abstract & Poster; Ashraf, A., Roohi, R., & Naz, R. (2011). Identification of glacial flood hazards in Karakorum range using remote sensing technique and risk analysis. Science Vision, 16, 71-80.; Zheng, G., Allen, S. K., Bao, A., Ballesteros-Cánovas, J. A., Huss, M., Zhang, G., ... & Stoffel, M. (2021). Increasing risk of glacial lake outburst floods from future Third Pole deglaciation. Nature Climate Change, 1-7.",,,,,,,,,,,,,,
55,High Mountain Asia,"Asia, South West",Karakoram,Pakistan,Ghulkin,RGI60-14.03250,"30,544",Ghulkin Lake,supraglacial,74.8062,36.4285,Hunza,2008-06-14,,,breach,,,,,1.0,,,estimated – 1-D modelling,50.0,,,estimated – 1-D modelling,"outbursts between april and june 2008 caused loss of livestock, orchards, arable crops, 4 houses, 6 cattle sheds + damaged Karakoram Highway & irrigation channels",x,x,4,,x,,,,,,,moraine breach,2009,"Richardson, S. D., & Quincey, D. J. (2009, April). Glacier outburst floods from Ghulkin Glacier, upper Hunza Valley, Pakistan, EGU General Assembly Conference Abstract & Poster; Ashraf, A., Roohi, R., & Naz, R. (2011). Identification of glacial flood hazards in Karakorum range using remote sensing technique and risk analysis. Science Vision, 16, 71-80.; Zheng, G., Allen, S. K., Bao, A., Ballesteros-Cánovas, J. A., Huss, M., Zhang, G., ... & Stoffel, M. (2021). Increasing risk of glacial lake outburst floods from future Third Pole deglaciation. Nature Climate Change, 1-7.",,,,,,,,,,,,,,
62,High Mountain Asia,"Asia, South West",Karakoram,Pakistan,Ghulkin,RGI60-14.03250,"30,544",Ghulkin Lake,supraglacial,74.8062,36.4285,Hunza,2009-03-26,,,,,,,,,,,,,,,,,,,,,,,,,,,,,2012,"FOCUS (2012) CITED IN Din, K., Tariq, S., Mahmood, A., & Rasul, G. (2014). Temperature and precipitation: GLOF triggering indicators in Gilgit-Baltistan, Pakistan. Pakistan Journal of Meteorology, 10(20).; Hussain A., Nasab N., Bano D., Karim D., Anwar W., Hussain K., Uddin N. (2021) Glacier lake outburst flood modeling of Khurdopin glacier lake using HEC-RAS and GIS. In: Chernomorets S.S., Viskhadzhieva K.S. (eds.) Debris Flows: Disasters, Risk, Forecast, Protection. Proceedings of the 6th International Conference (Dushanbe–Khorog, Tajikistan). Volume 1. Dushanbe: “Promotion” LLC, p. 208–220.; Saifullah, M., Liu, S., Adnan, M., Ashraf, M., Zaman, M., Hashim, S., & Muhammad, S. (2020). Risks of glaciers lakes outburst flood along China Pakistan economic corridor. In Glaciers and Polar Environment. IntechOpen.",,,,,,,,,,,,,,
65,High Mountain Asia,"Asia, South West",Karakoram,Pakistan,Chihnji,RGI60-14.01454,13.127,,ice,74.004089,36.783588,Karambar,2009-07-01,,,,,,1.87,estimated using optical images and a DEM,,,,,,,,,,,,,,,,,,,,,small flood,2021,"Bazai, N. A., Cui, P., Carling, P. A., Wang, H., Hassan, J., Liu, D., ... & Wen, J. (2021). Increasing glacial lake outburst flood hazard in response to surge glaciers in the Karakoram. Earth-Science Reviews, 103432.",,52659.0,1306.0,2009-06-23,Landsat 7,LE07_150035_20090623,1.0,60482,1554.0,2009-07-09,Landsat 7,LE07_150034_20090709,2.0,
71,High Mountain Asia,"Asia, South West",Karakoram,Pakistan,Khurdopin,RGI60-14.04404,203.336,,ice,75.478606,36.342335,Shimshal,2010,,,,,,,,,,,,,,,,,,,,,,,,,,,,,2014,"Din, K., Tariq, S., Mahmood, A., & Rasul, G. (2014). Temperature and precipitation: GLOF triggering indicators in Gilgit-Baltistan, Pakistan. Pakistan Journal of Meteorology, 10(20).; Hussain A., Nasab N., Bano D., Karim D., Anwar W., Hussain K., Uddin N. (2021) Glacier lake outburst flood modeling of Khurdopin glacier lake using HEC-RAS and GIS. In: Chernomorets S.S., Viskhadzhieva K.S. (eds.) Debris Flows: Disasters, Risk, Forecast, Protection. Proceedings of the 6th International Conference (Dushanbe–Khorog, Tajikistan). Volume 1. Dushanbe: “Promotion” LLC, p. 208–220.",,,,,,,,,,,,,,
72,High Mountain Asia,"Asia, South West",,Pakistan,Booni Gol,,,,unknown,,,,2010-07,,,,,,,,,,,,,,,,"1,980 people killed; 2,946 people injured; some 1.6 million homes destroyed",,,1600000,,,,,,,,1980,"located near Chitral, posted on Twitter 07/07/2018",2011,"Rasul, G., Chaudhry, Q. Z., Mahmood, A., Hyder, K. W., & Dahe, Q. (2011). Glaciers and glacial lakes under changing climate in Pakistan. Pakistan Journal of Meteorology, 8(15). CITED IN Rehman, G. (2015). GLOF Risk and Reduction Approaches in Pakistan. In Disaster Risk Reduction Approaches in Pakistan (pp. 217-237). Springer, Tokyo.; UNDP Pakistan (2018) (https://twitter.com/UNDP_Pakistan/status/1015477763359330305)",,,,,,,,,,,,,,
75,High Mountain Asia,"Asia, South West",,Pakistan,unknown,,,,unknown,,,,2011,,,,,,,,,,,,,,,,,,,,,,,,,,,,Location: Boni,2015,"Rehman, G. (2015). GLOF Risk and Reduction Approaches in Pakistan. In Disaster Risk Reduction Approaches in Pakistan (pp. 217-237). Springer, Tokyo.",,,,,,,,,,,,,,
78,High Mountain Asia,"Asia, South West",,Pakistan,unknown,,,,unknown,,,,2011-07-30,,,,,,,,,,,,,,,,120 houses + crop lands damaged,x,x,120,,,,,,,,,"Location: Talis, Mashabrum",2015,"Rehman, G. (2015). GLOF Risk and Reduction Approaches in Pakistan. In Disaster Risk Reduction Approaches in Pakistan (pp. 217-237). Springer, Tokyo.",,,,,,,,,,,,,,
84,High Mountain Asia,"Asia, South West",,Pakistan,unknown,,,,unknown,,,,2013-07-31,,,,,,,,,,,,,,,,,,,,,,,,,,,,Location: Reshun Valley,2013,"Mir, H. A. (2013). Glacier lake outburst floods in Reshun Valley of Pakistan. Fact or Fantasy, 17 August. CITED IN Rehman, G. (2015). GLOF Risk and Reduction Approaches in Pakistan. In Disaster Risk Reduction Approaches in Pakistan (pp. 217-237). Springer, Tokyo.",,,,,,,,,,,,,,
85,High Mountain Asia,"Asia, South West",Karakoram,Pakistan,Chihnji,RGI60-14.01454,13.127,,ice,74.004089,36.783588,Karambar,2013-07-28,,,,,,3.954,estimated using optical images and a DEM,,,,,,,,,,,,,,,,,,,,,small flood,2021,"Bazai, N. A., Cui, P., Carling, P. A., Wang, H., Hassan, J., Liu, D., ... & Wen, J. (2021). Increasing glacial lake outburst flood hazard in response to surge glaciers in the Karakoram. Earth-Science Reviews, 103432.",,90697.0,1674.0,2013-07-04,Landsat 7,LE07_150035_20130704,2.0,79345,1555.0,2013-09-06,Landsat 7,LE07_150034_20130906,2.0,
99,High Mountain Asia,"Asia, South West",,Pakistan,unknown,,,,unknown,,,,2015-07,,,,,,,,,,,,,,,,"PDMA: 32 people dead, extensive description of damages and losses listed in report; Floodlist: 3 people dead; 100 houses completely destroyed; 50 houses + 10 bridges + roads severely damaged; damaged or cut off water supply in Broze, Orghuch, Ushusht, Nisur Gol and Mastuj; washed away agricultural crops",x,x,150,10,x,,x,,,,32,"Chitral – district Khyber Pakhtunkhwa; “caused by 'Glacial Lake Outburst Floods' after unusually heavy rain fell on 15 and 16 July, and again on 19 July, 2015”",2015,"PDMA (2015). Special report on glacial lake outburst flood in Chitral, 29 July 2015.; Davies, R. (2015). 300,000 Stranded by Floods in Chitral, Pakistan. Floodlist. (http://floodlist.com/asia/floods-chitral-khyber-pakhtunkhwa-pakistan)",,,,,,,,,,,,,,
104,High Mountain Asia,"Asia, South West",,Pakistan,unknown,,,,unknown,,,,2016-06,,,,,,,,,,,,,,,,almost all major power supply sources have been washed away,x,,,,,,x,,,,,,2016,Iftikhar Firdous – twitter.com/IftikharFirdous/status/740617514338689026,,,,,,,,,,,,,,
105,High Mountain Asia,"Asia, South West",Karakoram,Pakistan,Chihnji,RGI60-14.01454,13.127,,ice,74.004089,36.783588,Karambar,2016-06-18,,,,,,1.44,estimated using optical images and a DEM,,,,,,,,,,,,,,,,,,,,,small drainage,2021,"Bazai, N. A., Cui, P., Carling, P. A., Wang, H., Hassan, J., Liu, D., ... & Wen, J. (2021). Increasing glacial lake outburst flood hazard in response to surge glaciers in the Karakoram. Earth-Science Reviews, 103432.",,69707.0,1883.0,2016-05-21,Sentinel-2,20160521T055208_20160521T093926_T43SDA,1.0,58263,1746.0,2016-07-20,Sentinel-2,20160720T055155_20160720T093923_T43SDA,1.0,
112,High Mountain Asia,"Asia, South West",Karakoram,Pakistan,Khurdopin,RGI60-14.04404,203.336,,ice,75.478606,36.342335,Shimshal,2017-07,2017-07-21,2017-08-05,,2.0,,,estimated from lake area changes,2.0,,,estimated,,,,,"“river washed away the road at multiple locations, destroyed at least one main bridge and eroded local agricultural land”",x,x,,1,,,,,,,,Bazai et al. (2021): peak lake volume 5 *10^6 m^3,2018,"Steiner, J. F., Kraaijenbrink, P. D., Jiduc, S. G., & Immerzeel, W. W. (2018). Brief communication: The Khurdopin glacier surge revisited-Extreme flow velocities and formation of a dammed lake in 2017. Cryosphere, 12(1), 95-101.",,96146.0,2103.0,2017-07-16,Planetscope,20170716_045704_1036_3B_AnalyticMS_SR_clip,2.0,14983,1446.0,2017-08-06,Planetscope,20170806_045703_1032_3B_AnalyticMS_SR_clip,2.0,
113,High Mountain Asia,"Asia, South West",Karakoram,Pakistan,Khurdopin,RGI60-14.04404,203.336,,ice,75.478606,36.342335,Hunza,2017-07-28,,,subglacial drainage,,,,,9.0,,,unknown,,,,,damage to agriculture,x,x,,,,,,,,,,,unknown,Internal Report Utrecht University; Jakob Steiner pers. Comm. (2021),,,,,,,,,,,,,,
116,High Mountain Asia,"Asia, South West",Karakoram,Pakistan,Khurdopin,RGI60-14.04404,203.336,,ice,75.478606,36.342335,Hunza,2018-03-25,,,subglacial drainage,,,,,,,,,,,,,,,,,,,,,,,,,,unknown,Internal Report Utrecht University; Jakob Steiner pers. Comm. (2021),,,,,,,,,,,,,,
117,High Mountain Asia,"Asia, South West",Karakoram,Pakistan,Khurdopin,RGI60-14.04404,203.336,,ice,75.478606,36.342335,Shimshal,2018-04,,,,7.0,,,estimated,,,,,,,,,,,,,,,,,,,,,,2020,"J.F. Steiner, pers. comm.",,13004.0,792.0,2018-04-25,Planetscope,20180425_082439_0f06_3B_Visual,2.0,9665,577.0,2018-05-21,Planetscope,20180521_050835_0e19_3B_AnalyticMS_SR_clip,1.0,
118,High Mountain Asia,"Asia, South West",Karakoram,Pakistan,Khurdopin,RGI60-14.04404,203.336,,ice,75.478606,36.342335,Hunza,2018-05-10,,,subglacial drainage,,,,,,,,,,,,,,,,,,,,,,,,,,unknown,Internal Report Utrecht University; Jakob Steiner pers. Comm. (2021),,,,,,,,,,,,,,
120,High Mountain Asia,"Asia, South West",Karakoram,Pakistan,Badswat Glacier,RGI60-14.05487,"3,373",,subglacial,74.06,36.5,Ishkoman,2018-07-17,2018-08-17,,englacial,,,,,,,,,,,,,1000 residents required evacuation,,,,,,,,,,,,"1.3 km long dam, 0.6 km² lake area",2021,"Shangguan D, Li D, Ding Y, Liu J, Anjum MN, Li Y, Guo W. (2021). Determining the Events in a Glacial Disaster Chain at Badswat Glacier in the Karakoram Range Using Remote Sensing. Remote Sensing. 13(6):1165. https://doi.org/10.3390/rs13061165.; Jakob Steiner pers. Comm (2021)",,,,,,,,,,,,,,
121,High Mountain Asia,"Asia, South West",Karakoram,Pakistan,Bad swat,RGI60-14.03035,16.937,,ice,74.0339,36.5458,? Immit / Kurumbar,2018-07-18,,,,,,,,,,,,,,,,"2 people killed; 40 houses damaged, road access cut off to 10 villages; smaller roads washed away including some vehicles and hundreds of cattle in the upstream areas",x,x,40,,x,,,,,,2,lake formed in Ishkoman Valley; reported on 19/07/2018 by Abid Hussain (Twitter) and Pamir Times,2018,"Payne, J. (2018). Barsuwat Glacier Causes Flooding and Artificial Lake in Pakistan. GlacierHub.; Pamir Times (2019). GLOF blocks Kurumbar River forming a lake in Ishokman Valley. (https://pamirtimes.net/2018/07/19/glof-blocks-kurumbar-river-forming-a-lake-in-ishkoman-valley/); Abid Hussain (2018-07-19; https://twitter.com/AbidAnchanBalti/status/1019906308416462848)",,,,,,,,,,,,,,
123,High Mountain Asia,"Asia, South West",Karakoram,Pakistan,Khurdopin,RGI60-14.04404,203.336,,ice,75.478606,36.342335,Shimshal,2018,2018-02,2018-03,,,,9.0,estimated using optical images and a DEM,,,,,,,,,minor damages to orchard along Shimshal river; farmland erosion,u,x,,,,,,,,,,major flood,2021,"Bazai, N. A., Cui, P., Carling, P. A., Wang, H., Hassan, J., Liu, D., ... & Wen, J. (2021). Increasing glacial lake outburst flood hazard in response to surge glaciers in the Karakoram. Earth-Science Reviews, 103432.",,217296.0,3514.0,2018-02-08,Planetscope,20180208_050638_0f43_3B_AnalyticMS_SR_clip,2.0,13004,792.0,2018-04-25,Planetscope,20180425_082439_0f06_3B_Visual,1.0,unsure about after lake image (maybe gone?)
124,High Mountain Asia,"Asia, South West",Karakoram,Pakistan,Khurdopin,RGI60-14.04404,203.336,,ice,75.478606,36.342335,Shimshal,2019-05,,,,,,,,,,,,,,,,,,,,,,,,,,,,,2020,"J.F. Steiner, pers. comm.",,103711.0,2311.0,2019-04-29,Planetscope,20190429_051346_0e19_3B_Visual,2.0,0,0.0,,,,1.0,
125,High Mountain Asia,"Asia, South West",Karakoram,Pakistan,Shisphare,RGI60-14.03017,87.99,,ice,74.562535,36.360999,Hunza,2019-06-22,2019-06-21,2019-06-23,tunneling,16.6,10.2,23.0,estimated – satellite images/bathymetry,9.7,,,estimated – Muhammad et al. (2021),142.0,,,gaged – Pakistan Meterological Department at main bridge in Hassanabad),"56 houses damaged, 1.5km of highway destroyed, 11 houses inundated, 2 bridges completly washed out",x,,56,2,x,,,,,,,,2020,"Muhammad, S., Li, J., Steiner, J. F., Shrestha, F., Shah, G. M., Berthier, E., ... & Tian, L. (2021). A holistic view of Shisper Glacier surge and outburst floods: from physical processes to downstream impacts. Geomatics, Natural Hazards and Risk, 12(1), 2755-2775.; Bhambri, R., Watson, C. S., Hewitt, K., Haritashya, U. K., Kargel, J. S., Shahi, A. P., ... & Govil, H. (2020). The hazardous 2017–2019 surge and river damming by Shispare Glacier, Karakoram. Scientific reports, 10(1), 1-14.; Rashid, I., Majeed, U., Jan, A., & Glasser, N. F. (2020). The January 2018 to September 2019 surge of Shisper Glacier, Pakistan, detected from remote sensing observations. Geomorphology, 351, 106957; https://www.icimod.org/ice-dammed-lake-in-hunza-created-by-shisper-glacier-surge-breached-for-the-second-time-in-2020/",,256442.0,4134.0,2019-06-18,Planetscope,20190618_052619_1012_3B_AnalyticMS_SR_clip,1.0,176422,2800.0,2019-06-27,Planetscope,20190627_042148_104b_3B_Visual_clip,2.0,
126,High Mountain Asia,"Asia, South West",Hindu Kush,Pakistan,"Rogheli Gol Glaciers, glacier of Nalla",,,,unknown,72.0052,35.8856,Nullah,2019-07-07,,,,,,,,,,,,,,,,damage of residential houses; damages to intake of Power House; damages to agricultural land / crops; damages to roads and bridges; damages to existing flood protection works; damages to water supply schemes,x,x,,x,x,,x,x,,,,lake started to develop on 3rd June 2019,2019,DDMU Chitral (2019). Golain Chitral GLOF Event - Preliminary Report.,,,,,,,,,,,,,,
130,High Mountain Asia,"Asia, South West",Karakoram,Pakistan,Shisphare,RGI60-14.03017,87.99,,ice,74.562535,36.360999,Hunza,2020-01,,,,,,,,,,,,,,,,,,,,,,,,,,,,in january?,2020,"Pamir Times, 18/01/2020 (https://pamirtimes.net/2020/01/18/glacial-lake-formed-on-shishpar-glacier-hunza-drains/); Miriam Jackson on Twitter, 22/01/2020 (https://twitter.com/dbyeti/status/1219900209062268928?s=20)",,,,,,,,,,,,,,
131,High Mountain Asia,"Asia, South West",Karakoram,Pakistan,Shisphare,RGI60-14.03017,87.99,,ice,74.562535,36.360999,Hunza,2020-05-29,,,,,,12.45,estimated,4.8,,,,85.0,,,gaged – Pakistan Meterological Department at main bridge in Hassanabad),,,,,,,,,,,,,minor damage to infrastructure and the Karkoram Higway over a 700 stretch,2020,"Muhammad, S., Li, J., Steiner, J. F., Shrestha, F., Shah, G. M., Berthier, E., ... & Tian, L. (2021). A holistic view of Shisper Glacier surge and outburst floods: from physical processes to downstream impacts. Geomatics, Natural Hazards and Risk, 12(1), 2755-2775.; https://www.icimod.org/ice-dammed-lake-in-hunza-created-by-shisper-glacier-surge-breached-for-the-second-time-in-2020/; https://www.thenews.com.pk/tns/detail/671886-the-new-normal?utm_content=buffer3c0ca&utm_medium=social&utm_source=twitter.com&utm_campaign=buffer; Bazai, N. A., Cui, P., Carling, P. A., Wang, H., Hassan, J., Liu, D., ... & Wen, J. (2021). Increasing glacial lake outburst flood hazard in response to surge glaciers in the Karakoram. Earth-Science Reviews, 103432.",,277652.0,4180.0,2020-05-28,Planetscope,20200528_033030_1_0f4d_3B_AnalyticMS_SR_clip,2.0,14042,959.0,2020-06-29,Planetscope,20200629_052731_1001_3B_Visual_clip,2.0,
134,High Mountain Asia,"Asia, South West",Karakoram,Pakistan,Khurdopin,RGI60-14.04404,203.336,,ice,75.478606,36.342335,Hunza,2021-05,2021-05-11,2021-05-17,subglacial drainage,,,,,,,,,,,,,,,,,,,,,,,,,,2021,Mapping by ICIMOD with Cubesats; Jakob Steiner pers. Comm. (2021),,,,,,,,,,,,,,
135,High Mountain Asia,"Asia, South West",Karakoram,Pakistan,Shisphare,RGI60-14.03017,87.99,,ice,74.562535,36.360999,Hunza,2021-05,2021-05-15,2021-05-20,tunneling,,,,,,,,,,,,,,,,,,,,,,,,,,2021,Mapping by ICIMOD with Cubesats; Jakob Steiner pers. Comm. (2021),,,,,,,,,,,,,,
136,High Mountain Asia,"Asia, South West",Karakoram,Pakistan,Darmander,,,,supraglacial,73.68,36.33,Ghizer,2021-06-08,,,,,,,,,,,,,,,,,,,,,,,,,,,,,2021,"Pamir Times [2021-06-09, https://twitter.com/pamirtimes/status/1402519181879386114]; Mapping by ICIMOD with Cubesats; Jakob Steiner pers. Comm. (2021)",,,,,,,,,,,,,,
137,High Mountain Asia,"Asia, South West",Karakoram,Pakistan,Shisphare,RGI60-14.03017,87.99,,ice,74.562535,36.360999,Hunza,2022-05-07,,,,,,,,,,,,,,,,"no fatalities, 1 bride destroyed",x,,,1,,,,,,,,,2022,"Rhina S Khan Satti on Twitter 2022-05-07  (https://mobile.twitter.com/rinasaeed/status/1522890715558162433, [last accessed: 2022-05-3)",,,,,,,,,,,,,,
